{ "name" : "rootProgram", "children" : [ { "name" : "consetDecl", "children" : [ { "name" : "constNode" }  ] }, { "name" : "varDecls", "children" : [ { "name" : "varNode" }, { "name" : "varNode" }, { "name" : "varNode" }, { "name" : "varNode" }  ] }, { "name" : "functionDecl", "children" : [ "id", "paralist" , "returnValue"  ] }, { "name" : "stmtList", "children" : [ { "name" : "functionCall" }, { "name" : "assignStmt" }, { "name" : "whileStmt", "children" : [ { "name" : "cond", "children" : [ { "name" : "recordDecl", "children" : [ { "name" : "variable" }, { "name" : "operator" }, { "name" : "literal" }  ] }  ] }, { "name" : "stmtList", "children" : [ { "name" : "functionCall" }, { "name" : "assignStmt" }  ] }  ] }, { "name" : "functionCall" }, { "name" : "assignStmt" }, { "name" : "functionCall" }, { "name" : "assignStmt" }, { "name" : "functionCall" }, { "name" : "assignStmt" }, { "name" : "functionCall" }, { "name" : "assignStmt" }, { "name" : "functionCall" }, { "name" : "assignStmt" }, { "name" : "functionCall" }  ] }  ] }